[
  {
		"name": "Stele",
		"replaces": "Monument",
		"uniqueTo": "gggg",
		"culture": 2,
		"faith": 2,
		"cost": 40,
		"hurryCostModifier": 40,
		"maintenance": 1,
		"uniques": ["Destroyed when the city is captured"] //"Hidden when religion is disabled"
	},
	{
		"name": "Paper Maker",
		"replaces": "Library",
		"uniqueTo": "gggg",
		"hurryCostModifier": 25,
		"gold": 2,
		"uniques": ["[+1 Science] per [2] population [in this city]"],
		"requiredTech": "Writing"
	},
	{
		"name": "Floating Gardens",
		"replaces": "Water Mill",
		"uniqueTo": "ffff",
		"food": 2,
		"production": 1,
		"uniques": ["[+2 Food] from [Lakes] tiles [in this city]", "Must be next to [Fresh water]"],
		"hurryCostModifier": 25,
		"maintenance": 1,
		"percentStatBonus": {"food": 15},
		"requiredTech": "The Wheel"
	},
	{
		"name": "Walls of Babylon",
		"replaces": "Walls",
		"cost": 65,
		"uniqueTo": "gggg",
		"cityStrength": 6,
		"cityHealth": 100,
		"hurryCostModifier": 25,
		"requiredTech": "Masonry",
		"uniques": ["Destroyed when the city is captured"]
	},
	{
		"name": "Krepost",
		"replaces": "Barracks",
		"uniqueTo": "gggg",
		"hurryCostModifier": 25,
		"maintenance": 1,
		"uniques": ["[-25]% Culture cost of natural border growth [in this city]","[-25]% Gold cost of acquiring tiles [in this city]",
			"New [Military] units start with [15] Experience [in this city]", "Destroyed when the city is captured"],
		"requiredTech": "Bronze Working"
	},
	{
		"name": "Burial Tomb",
		"replaces": "Temple",
		"uniqueTo": "hhhh",
		"maintenance": 0,
		"uniques": ["Doubles Gold given to enemy if city is captured"],
		"faith": 2,
		"happiness": 2,
		"requiredBuilding": "Shrine",
		"hurryCostModifier": 25,
		"requiredTech": "Philosophy"
	},
	{
		"name": "Mud Pyramid Mosque",
		"replaces": "Temple",
		"uniqueTo": "ffff",
		"maintenance": 0,
		"hurryCostModifier": 25,
		"culture": 2,
		"faith": 2,
		"requiredBuilding": "Shrine",
		"requiredTech": "Philosophy"
	},
	{
		"name": "Bazaar",
		"replaces": "Market",
		"uniqueTo": "ffff",
		"gold": 2,
		"specialistSlots": {"Merchant": 1},
		"hurryCostModifier": 25,
		"percentStatBonus": {"gold": 25},
		"uniques": ["Provides 1 extra copy of each improved luxury resource near this City",
			"[+2 Gold] from [Oil] tiles [in this city]", "[+2 Gold] from [Oasis] tiles [in this city]"],
		"requiredTech": "Currency"
	},
	{
		"name": "Longhouse",
		"replaces": "Workshop",
		"uniqueTo": "ffff",
		"cost": 100,
		"maintenance": 2,
		"production": 2,
		"specialistSlots": {"Engineer": 1},
		"hurryCostModifier": 25,
		"uniques": ["[+1 Production] from [Forest] tiles [in this city]"],
		"requiredTech": "Metal Casting"
	},
	{
		"name": "Wat",
		"replaces": "University",
		"uniqueTo": "ffff",
		"maintenance": 2,
		"hurryCostModifier": 15,
		"percentStatBonus": {"science": 33},
		"specialistSlots": {"Scientist": 2},
		"culture": 3,
		"requiredBuilding": "Library",
		"uniques": ["[+2 Science] from [Jungle] tiles [in this city]"],
		"requiredTech": "Education"
	},
	{
		"name": "Mughal Fort",
		"cost": 150,
		"replaces": "Castle",
		"uniqueTo": "ffff",
		"cityStrength": 7,
		"cityHealth": 25,
		"culture": 2,
		"hurryCostModifier": 25,
		"requiredBuilding": "Walls",
		"uniques": ["[+1 Gold] [in this city] <after discovering [Flight]>", "Destroyed when the city is captured"],
		"requiredTech": "Chivalry"
	},
	{
		"name": "Ceilidh Hall",
		"replaces": "Opera House",
		"uniqueTo": "hhhh",
		"culture": 4,
		"happiness": 3,
		"specialistSlots": {"Artist": 1},
		"hurryCostModifier": 10,
		"requiredBuilding": "Amphitheater",
		"maintenance": 2,
		"requiredTech": "Acoustics",
		"uniques": ["Destroyed when the city is captured"]
	},
	{
		"name": "Satrap's Court",
		"replaces": "Bank",
		"uniqueTo": "hhhh",
		"gold": 2,
		"specialistSlots": {"Merchant": 1},
		"happiness": 2,
		"hurryCostModifier": 15,
		"percentStatBonus": {"gold": 25},
		"requiredBuilding": "Market",
		"requiredTech": "Banking"
	},
	{
		"name": "Coffee House",
		"replaces": "Windmill",
		"uniqueTo": "gggg",
		"production": 2,
		"percentStatBonus": {"production": 10},
		"specialistSlots": {"Engineer": 1},
		"hurryCostModifier": 25,
		"maintenance": 2,
		"uniques": ["[+25]% Great Person generation [in this city]"],
		"requiredTech": "Economics"
	},
  ]
