[
	{
		"name": "gggg",
		"leaderName": "Darth Vader",
		"adjective": ["Imperial"],
		"preferredVictoryType": "Scientific",
		
		"startIntroPart1": "It has been revealed that this land has many valuable resources to the empire, and that there might be enemies of the hiding here. Commander, you are to investigate, claim the resources for the empire and, if enemies are to be found, destroy them.",
		"startIntroPart2": "Do not fail me, General. You have been chosen personally to lead an occupation of this planet, and I will be overseeing your progress. Failure will not be tolerated.",					
		
		"declaringWar": "Your lack of foresight will be your demise.",
		"attacked": "I will show you the power of the Dark Side.",
		"defeated": "Nooooooo",
		"introduction": "...",
		"neutralHello": "...Speak",		
		"neutralLetsHearIt": "An offer?",
		"neutralNo": "No.",
		"neutralYes": "It is...Acceptable.",
		"hateHello": "I am surprised you still live.",	
		"hateLetsHearIt": "...Speak Fast.",
		"hateNo": "No",
		"hateYes": "It is...Acceptable.",
		"afterPeace": "Enjoy your order, for now...",
		"tradeRequest": "It would not be wise to enrage my master.",
		
		"outerColor": [245,245,245],
		"innerColor": [10,10,10],
		"uniqueName": "Altering the deal",
		"uniques": ["Science gained from research agreements [+100]%",
		"[+1 Science] from every [Mine]",
		"[+1 Production] from every [Iron]",
		"[+1 Culture] from every [Aluminum]",
		"Starts with [Iron Working]",
    "Starts with [Animal Husbandry]",
    "Starts with [Pottery]",
    "Starts with [Archery]",
    "May choose [2] additional belief(s) of any type when [founding] a religion",
    "Pastures yield additional 1 Food and 1 Culture. Earn [150]% of [Land] opponent's [Strength] as [Gold] for kills"]
		"cities": ["Coruscant","Kamino","Nevarro","Bacrana","Balosar","Bandomeer","Naboo","Dathomir","Illum","Alzoc","Byss","Corulag"]
	},
	{
		"name": "ffff",
		"leaderName": "Luke Skywalker",
		"adjective": ["Rebel"],
		"preferredVictoryType": "Diplomatic",
		
		"startIntroPart1": "Greetings. It seems the force has brought us together. I hear you got to survey and establish a base in this planet. I too have heard of there being suspicious activity here so I'm trying to supervise myself. Might as well set up a base since we're here anyway.",
		"startIntroPart2": "Danger is always around the corner though, so make sure to be careful. Good luck, and may the force be with you.",					
		
		"declaringWar": "You're leaving behind a trail of chaos and destruction, I will have to stop you.",
		"attacked": "Get ready! We're under attack!",
		"defeated": "No way, and I was just getting started...",
		"introduction": "Ever been out of a job? I can teach you moisture farming.",
		"neutralHello": "Luke Skywalker, reporting in.",		
		"neutralLetsHearIt": "You have an offer?",
		"neutralNo": "Il pass on that.",
		"neutralYes": "Il take it",
		"hateHello": "I can feel the conflict within you.",	
		"hateLetsHearIt": "You better thread carefully.",
		"hateNo": "Il pass on that.",
		"hateYes": "Il take it",
		"afterPeace": "It's never too late, not even for you.",
		"tradeRequest": "It seems the force has brought us together.",
		
		"outerColor": [245,245,245],
		"innerColor": [238,0,0],
		"uniqueName": "A New Hope",
		"uniques": ["[+25]% great person generation [in all cities]",
		"[-50]% Food consumption by specialists [in all cities]",
		"[+33]% Production when constructing [Fighter] units [in all cities]",
		"[+33]% Production when constructing [Bomber] units [in all cities]",
		"Starts with [Calendar]",
    		"Starts with [Writing]",
    		"May choose [2] additional belief(s) of any type when [founding] a religion",
		"Pay only one third the usual cost for naval unit maintenance","[+2 Food, +2 Culture, +2 Gold] from every [Harbor]",
		"Receive 10% bonus toward correspondent Great Person when you build an unique specialist building in your Empire for the first time"]
		"cities": ["Yavin 4", "Hoth", "Endor", "Dantooine", "Aldeeran", "Dantooine", "Ando", "Dagobah", "Castilon", "Eadu", "Kuat", "Mimbam", "Shilli", "Wrea", "Vandor", "Lothal"]
	},
	{
		"name": "Barbaroi",
		"leaderName": "Jabba the Hutt",
		"adjective": ["Smuggler"],
		"preferredVictoryType": "Cultural",
		
		"startIntroPart1": "Ahh, the prodigal one returns. I hear you have found a most suitable place for me to do operations.",
		"startIntroPart2": "Since you offered, you will be in charge of setting my trade routes here. I expect to hear good news soon... For your own good.",					
		
		"declaringWar": "It appears there are many who want you dead, and so you will be.",
		"attacked": "No one double crosses Jabba and lives.",
		"defeated": "Fool! At least with me the underworld was under control, but soon one worse than me shall rise.",
		"introduction": "If there's money to be made, we will get it.",
		"neutralHello": "Come to me with a deal?",		
		"neutralLetsHearIt": "You have an offer?",
		"neutralNo": "I could have you hung for that.",
		"neutralYes": "You know how to do business",
		"hateHello": "I can feel the conflict within you.",	
		"hateLetsHearIt": "You are hard to kill.",
		"hateNo": "I could have you hung for that.",
		"hateYes": "You know how to do business.",
		"afterPeace": "This is not peace, but a pause",
		"tradeRequest": "My latest batch of shipments has arrived.",
		
		"outerColor": [64,64,64],
		"innerColor": [182,0,0],
		"uniqueName": "Barbaroi",
		"uniques": ["Workers are armed and can battle, but construct much slower",
		"[+10]% Strength <when fighting units from a Civilization with more Cities than you>"
		"[-10]% Strength <vs [Barbarian] units>",
		"[+10]% Strength <vs [City-State] units>",
		"[-25]% Production when constructing [All] buildings [in all cities]",
		"[Bounty Hunter] units gain the [Collect the Bounty] promotion",
		"\"Borrows\" city names from other civilizations in the game",
		"No movement cost to pillage <for [Melee] units>",
		"Earn [100]% of killed [Military] unit's [Strength] as [Culture]", "Earn [100]% of killed [Military] unit's [Strength] as [Faith]",
		"+10% Strength when fighting City-State units and cities",
		"Receive triple Gold from pillaging Cities",
		"When defeating a [{Barbarian} {Water}] unit, earn [30] Gold and recruit it <with [100]% chance>", "When conquering an encampment, earn [30] Gold and recruit a Barbarian unit <with [100]% chance>",
		"Cannot build [Settler] units"]
		"cities": ["Barbaroi Home"]
	},
	{
		"name": "hhhh",
		"leaderName": "Jabba the Hutt",
		"adjective": ["Smuggler"],
		"preferredVictoryType": "Domination",
		
		"startIntroPart1": "Ahh, the prodigal one returns. I hear you have found a most suitable place for me to do operations.",
		"startIntroPart2": "Since you offered, you will be in charge of setting my trade routes here. I expect to hear good news soon... For your own good.",					
		
		"declaringWar": "It appears there are many who want you dead, and so you will be.",
		"attacked": "No one double crosses Jabba and lives.",
		"defeated": "Fool! At least with me the underworld was under control, but soon one worse than me shall rise.",
		"introduction": "If there's money to be made, we will get it.",
		"neutralHello": "Come to me with a deal?",		
		"neutralLetsHearIt": "You have an offer?",
		"neutralNo": "I could have you hung for that.",
		"neutralYes": "You know how to do business",
		"hateHello": "I can feel the conflict within you.",	
		"hateLetsHearIt": "You are hard to kill.",
		"hateNo": "I could have you hung for that.",
		"hateYes": "You know how to do business.",
		"afterPeace": "This is not peace, but a pause",
		"tradeRequest": "My latest batch of shipments has arrived.",
		
		"outerColor": [255,255,255],
		"innerColor": [238,201,0],
		"uniqueName": "Criminal Underworld",
		"uniques": ["Workers are armed and can battle, but construct much slower",
		"Gold from all trade routes +25%",
		"[+33]% tile improvement construction time"
		"[+50]% Strength <vs [Barbarian] units>",
		"[+50]% Strength <vs [City-State] units>",
		"[-25]% Production when constructing [All] buildings [in all cities]",
		"[Bounty Hunter] units gain the [Collect the Bounty] promotion"]
		"cities": ["Tatooine", "Corellia", "Bespin", "Zonama", "Mimbam", "Concord Dawn", "Rodia", "Passana", "Vortex", "Thyferra", "Ralltir"]
	}
]
