 [
	{
		"name": "Tradition",
		"era": "Ancient era",
		"uniques": ["[+3 Culture] [in capital]", "[-25]% Culture cost of natural border growth [in all cities]","Unlocks building the Hanging Gardens"],
		"policies": [
			{
				"name": "Aristocracy",
				"uniques": ["[+15]% Production when constructing [All] wonders [in all cities]", "[+1 Happiness] per [10] population [in all cities]"],
				"row": 1,
				"column": 2
			},
			{
				"name": "Oligarchy",
				"uniques": ["Units in cities cost no Maintenance", "[+50]% Strength for cities <with a garrison> <when attacking>"],
				"row": 1,
				"column": 4
			},
			{
				"name": "Theocracy",
				"uniques": ["[+25]% [Gold] from every [Temple]","[+3 Gold] from every [Holy site]"],
				"requires": ["Aristocracy"],
				"row": 2,
				"column": 2
			},
						{
				"name": "Legalism",
				"uniques":["Provides a [Aqueduct] in your first [4] cities for free"],
				"requires": ["Oligarchy"],
				"row": 2,
				"column": 4
			},
			{
				"name": "Landed Elite",
				"uniques": ["[+10]% growth [in capital]", "[+2 Food] [in capital]"],
				"requires": ["Legalism"],
				"row": 3,
				"column": 3
			},
			{
				"name": "Monarchy",
				"uniques": ["[+1 Gold, +1 Happiness] per [2] population [in capital]"],
				"requires": ["Legalism"],
				"row": 3,
				"column": 5
			},
			{
				"name": "Tradition Complete",
				"uniques": ["[+15]% growth [in all cities]","Provides the cheapest [Culture] building in your first [8] cities for free","May buy [Great Engineer] units for [1000] [Faith] [in all cities in which the majority religion is a major religion] at an increasing price ([500]) <starting from the [Industrial era]>"]
			}
		]
	},
	{
		"name": "Liberty",
		"era": "Classical era",
		"uniques": ["[+1 Culture] [in all cities]", "Unlocks building the Pyramids"],
		"policies": [
			{
				"name": "Republic",
				"uniques": ["[+1 Production] [in all cities]", "[+5]% Production when constructing [All] buildings [in all cities]"],
				"row": 1,
				"column": 1
			},
			{
				"name": "Citizenship",
				"uniques": ["[-25]% construction time for [All] improvements", "Free [Worker] appears"],
				"row": 1,
				"column": 4
			},
			{
				"name": "Collective Rule",
				"uniques": ["[+50]% Production when constructing [Worker] units [in capital]", "Free [Settler] appears"],
				"requires": ["Republic"],
				"row": 2,
				"column": 1
			},
			{
				"name": "Representation",
				"uniques": ["Each city founded increases culture cost of policies [33]% less than normal", "Empire enters golden age"],
				"requires": ["Citizenship"],
				"row": 2,
				"column": 3
			},
			{
				"name": "Meritocracy",
				"uniques": ["[+1 Happiness] [in all cities connected to capital]", "[-5]% Unhappiness from [Population] [in all non-occupied cities]"],
				"requires": ["Citizenship"],
				"row": 2,
				"column": 5
			},
			{
				"name": "Free Religion",
				"uniques": ["[-10]% Culture cost of adopting new Policies"],
				"requires": ["Collective Rule"],
				"row": 3,
				"column": 1
			},
			{
				"name": "Liberty Complete",
				"uniques": ["Free Great Person"]
			}
		]
	},
	{
		"name": "Honor",
		"era": "Ancient era",
		"uniques": ["[+33]% Strength <vs [Barbarian] units>", "Earn [100]% of killed [Barbarian] unit's [Strength] as [Culture]",
			"Notified of new Barbarian encampments", "Unlocks building the Statue of Zeus"],
		"policies": [
			{
				"name": "Warrior Code",
				"uniques":["[+15]% Production when constructing [Melee] units [in all cities]", "Free [Great General] appears","[Great General] is earned [50]% faster"],
				"row": 1,
				"column": 2
			},
			{
				"name": "Discipline",
				"uniques":["[+15]% Strength <for [Melee] units> <when adjacent to a [Military] unit>"],
				"row": 1,
				"column": 4
			},
			{
				"name": "Military Tradition",
				"uniques":["[+50]% XP gained from combat <for [Military] units>"],
				"requires": ["Warrior Code"],
				"row": 2,
				"column": 2
			},
			{
				"name": "Military Caste",
				"uniques": ["[+1 Happiness, +2 Culture] [in all cities with a garrison]"],
				"requires": ["Discipline"],
				"row": 2,
				"column": 4
			},
			{
                		"name": "United Front",
				"requires": ["Military Tradition"],
                		"uniques": [
                    		"Militaristic City-States grant units [2] times as fast when you are at war with a common nation","[-100]% weight to this choice for AI decisions"
                			],
                			"row": 3,
                			"column": 2
            		},
			{
				"name": "Professional Army",
				"uniques": ["[-33]% Gold cost of upgrading <for [Military] units>","[+50]% Production when constructing [Barracks] buildings [in all cities]"
				,"[+50]% Production when constructing [Armory] buildings [in all cities]","[+50]% Production when constructing [Military Academy] buildings [in all cities]"
				],
				"requires": ["Military Caste"],
				"row": 3,
				"column": 4
			},
			{
				"name": "Honor Complete",
				"uniques": ["Earn [10]% of killed [Military] unit's [Cost] as [Gold]","May buy [Great General] units for [1000] [Faith] [in all cities in which the majority religion is a major religion] at an increasing price ([500]) <starting from the [Industrial era]>"]
			}
		]
	},
	{
		"name": "Exploration",
		"uniques": ["Only available <before adopting [Aesthetics]>","[+1] Movement <for [{Military} {Water}] units>","[-25]% City-State Influence degradation", "Unlocks building the Forbidden Palace",
			"[+1] Sight <for [{Military} {Water}] units>","[+25]% [Gold] [in capital]", "Unlocks building Big Ben","Unlocks building the Louvre"],
		"era": "Medieval era",
		"policies": [
			{
				"name": "Maritime Infrastructure",
				"uniques": ["[+3 Production] [in all coastal cities]"],
				"row": 1,
				"column": 1
			},
						{
				"name": "Naval Tradition",
				"uniques": ["[+1 Happiness] from every [Lighthouse]","[+1 Happiness] from every [Harbor]","[+1 Happiness] from every [Seaport]"],
				"row": 1,
				"column": 3
			},
			{
				"name": "Philantropy",
				"uniques":["Gifts of Gold to City-States generate [25]% more Influence"],
				"row": 1,
				"column": 5
			},
			{
				"name": "Consulates",
				"uniques":["Resting point for Influence with City-States is increased by [20]"],
				"row": 1,
				"column": 7
			},
			{
				"name": "Wagon Trains",
				"uniques": ["[-50]% maintenance on road & railroads", "[+2 Gold] from each Trade Route"
				],
				"row": 1,
				"column": 9
			},
			{
				"name": "Mercenary Army",
				"uniques": ["May buy [Landsknecht] units with [Gold] for [5] times their normal Production cost"],
				"row": 1,
				"column": 11
			},
			{
				"name": "Merchant Navy",
				"uniques": ["[+1 Gold] from every [Lighthouse]","[+1 Gold] from every [Harbor]","[+1 Gold] from every [Seaport]","[+4 Production, +4 Culture] from every [East India Company]"],
				"requires": ["Maritime Infrastructure","Naval Tradition"],
				"row": 2,
				"column": 2
			},
			{
				"name": "Navigation School",
				"uniques": ["[+2 Science] [in all coastal cities]"],
				"requires": ["Naval Tradition"],
				"row": 2,
				"column": 4
			},
			{
				"name": "Scholasticism",
				"uniques":["Allied City-States provide [Science] equal to [25]% of what they produce for themselves"],
				"requires": ["Philantropy"],
				"row": 2,
				"column": 6
			},
			{
				"name": "Entrapreneurship",
				"uniques": [ "[+100]% Gold from Great Merchant trade missions","[Great Merchant] is earned [25]% faster"],
				"requires": ["Wagon Trains"],
				"row": 2,
				"column": 8
			},
			{
				"name": "Mercantilism",
				"requires": ["Wagon Trains"],
				"uniques": ["[Gold] cost of purchasing items in cities [-25]%", "[+1 Science] from every [Mint]", "[+1 Science] from every [Market]",
					"[+1 Science] from every [Bank]", "[+1 Science] from every [Stock Exchange]"],
				"row": 2,
				"column": 10
			},
			{
				"name": "Protectionism",
				"uniques": ["[+2] Happiness from each type of luxury resource"],
				"requires": ["Mercenary Army"],
				"row": 2,
				"column": 12
			},
			{
				"name": "Treasure Fleets",
				"uniques": ["[+4 Gold] from each Trade Route"],
				"requires": ["Navigation School"],
				"row": 3,
				"column": 3
			},
			{
				"name": "Cultural Diplomacy",
				"uniques": ["[+100]% resources gifted by City-States",
					"[+50]% Happiness from luxury resources gifted by City-States"],
				"requires": ["Scholasticism"],
				"row": 3,
				"column": 4
			},
			{
				"name": "Educated Elite",
				"requires": ["Scholasticism","Consulates"],
				"uniques": ["Allied City-States will occasionally gift Great People"],
				"row": 3,
				"column": 6
			},
			{
            			"name": "Trade Unions",
				"requires": ["Entrapreneurship","Mercantilism"],
            			"uniques": [
                			"[+1 Gold] from every [Trading post]","[+2 Culture] from each Trade Route","[+1 Food] from every [Trading post]"
            				],
            			"row": 3,
            			"column": 8
        		},
			{
				"name": "Exploration Complete",
				"uniques": ["[+3 Culture] [in all coastal cities]","Influence of all other civilizations with all city-states degrades [33]% faster", 
					"Triggers the following global alert: [Our influence with City-States has started dropping faster!]","[+1 Gold] from every [Customs house]", "Free Social Policy", 
					"May buy [Great Merchant] units for [1000] [Faith] [in all cities in which the majority religion is a major religion] at an increasing price ([500]) <starting from the [Industrial era]>"]
			}
		]
	},
	{
		"name": "Aesthetics",
		"era": "Renaissance era",
		"uniques": ["Only available <before adopting [Exploration]>","[+100]% Production when constructing [Shrine] buildings [in all cities]", "[+100]% Production when constructing [Temple] buildings [in all cities]", "Unlocks building the Great Mosque of Djenne",
			"[+10]% [Science] <while the empire is happy>", "Unlocks building the Porcelain Tower","[Great Artist] is earned [33]% faster","Unlocks building the Uffizi"],
		"policies": [
			{
				"name": "Cultural Centers",
				"uniques": ["[+100]% Production when constructing [Monument] buildings [in all cities]",
					"[+100]% Production when constructing [Amphitheater] buildings [in all cities]",
					"[+100]% Production when constructing [Opera House] buildings [in all cities]",
					"[+100]% Production when constructing [Museum] buildings [in all cities]",
					"[+100]% Production when constructing [Broadcast Tower] buildings [in all cities]"],
				"row": 1,
				"column": 2
			},
			{
				"name": "Fine Arts",
				"uniques": ["[50]% of excess happiness converted to [Culture]"],
				"row": 1,
				"column": 4
			},
			{
				"name": "Organized Religion",
				"uniques": ["[+1 Faith] from every [Shrine]","[+1 Faith] from every [Temple]"],
				"row": 1,
				"column": 6
			},
			{
				"name": "Mandate Of Heaven",
				"uniques": ["[Faith] cost of purchasing items in cities [-20]%"],
				"row": 1,
				"column": 8
			},
			{
				"name": "Secularism",
				"uniques": ["[+2 Science] from every specialist [in all cities]"],
				"row": 1,
				"column": 10
			},
			{
                		"name": "Populism",
				"requires": ["Cultural Centers"],
                		"uniques": ["[+25]% Great Person generation [in all cities]","[+100]% weight to this choice for AI decisions"],
                		"row": 2,
                		"column": 1
            		},
						{
				"name": "Flourishing of the Arts",
				"uniques": ["[+33]% [Culture] [in all cities with a world wonder]","Empire enters golden age"],
				"requires": ["Cultural Centers", "Fine Arts"],
				"row": 2,
				"column": 3
			},
						{
				"name": "Artistic Genius",
				"uniques": ["Free [Great Artist] appears"],
				"requires": ["Fine Arts"],
				"row": 2,
				"column": 5
			},
			{
				"name": "Reformation",
				"uniques": ["[+33]% [Culture] [in all cities with a world wonder]", "Empire enters golden age"],
				"requires": ["Organized Religion"],
				"row": 2,
				"column": 7
			},
			{
				"name": "Sovereignty",
				"uniques": ["[+1 Gold] from all [Science] buildings"],
				"row": 2,
				"column": 9
			},
			{
				"name": "Humanism",
				"uniques": ["[Great Scientist] is earned [25]% faster"],
				"requires": ["Secularism"],
				"row": 2,
				"column": 11
			},
			{
				"name": "Free Thought",
				"uniques": ["[+1 Science] from every [Trading post]", "[+17]% [Science] from every [University]"],
				"row": 2,
				"column": 13
			},
			{
				"name": "Cultural Exchange",
				"uniques": ["[+20]% [Culture] from every [Museum]","[+20]% [Culture] from every [Opera House]","[+20]% [Culture] from every [Broadcast Tower]"],
				"requires": ["Flourishing of the Arts"],
				"row": 3,
				"column": 3
			},
			{
				"name": "Harmony",
				"requires": ["Theocracy"],
				"uniques": [
					"[+1 Happiness, +1 Food, +1 Faith, +1 Culture, +3 Production] <in cities with at least [7] [Population]>"
				],
				"row": 3,
				"column": 6
			},
			{
				"name": "Scientific Revolution",
				"uniques": ["Science gained from research agreements [+50]%"],
				"requires": ["Sovereignty","Humanism"],
				"row": 3,
				"column": 9
			},
			{
				"name": "Weather Engineering",
				"requires": ["Humanism","Free Thought"],
				"uniques": [
					"[+2 Gold, +2 Science] [in all cities]",
					"[+10]% growth [in all cities] <during a Golden Age>"
				],
				"row": 3,
				"column": 12
			},
			{
				"name": "Aesthetics Complete",
				"uniques": ["Free [Great Prophet] appears", "[+3 Culture] from every [Holy site]","[+4 Culture] from every [Landmark]","Free Social Policy","[1] Free Technologies",
					"May buy [Great Scientist] units for [1000] [Faith] [in all cities in which the majority religion is a major religion] at an increasing price ([500]) <starting from the [Industrial era]>",
					"May buy [Great Artist] units for [1000] [Faith] [in all cities in which the majority religion is a major religion] at an increasing price ([500]) <starting from the [Industrial era]>"]
			}
		]
	},
	{
		"name": "Freedom",
		"era": "Modern era",
		"uniques": ["[+25]% Great Person generation [in all cities]", "Unlocks building the Statue of Liberty", "Only available <before adopting [Autocracy]>", "Only available <before adopting [Order]>",
            "Only available <after adopting [Liberty]>"],
		"policies": [
			{
				"name": "Civil Society",
				"uniques": ["[-50]% Food consumption by specialists [in all cities]"],
				"row": 1,
				"column": 1
			},
						{
				"name": "Universal Healthcare",
				"uniques": ["[+1 Happiness] from every [National Wonder]"],
				"row": 1,
				"column": 3
			},
			{
				"name": "Capitalism",
				"uniques": ["[+1 Happiness] from every [Mint]","[+1 Happiness] from every [Bank]","[+1 Happiness] from every [Stock Exchange]"],
				"row": 1,
				"column": 5
			},
			{
				"name": "Volunteer Army",
				"uniques": ["[6] units cost no maintenance", "[6] free [Foreign Legion] units appear"],
				"requires": ["Civil Society","Universal Healthcare"],
				"row": 2,
				"column": 2
			},
			{
				"name": "Urbanization",
				"uniques": ["[+1 Happiness] from every [Water Mill]","[+1 Happiness] from every [Hospital]","[+1 Happiness] from every [Medical Lab]"],
				"requires": ["Universal Healthcare","Capitalism"],
				"row": 2,
				"column": 4
			},
			{
                		"name": "Democracy",
                		"uniques": [
                    			"[-50]% Unhappiness from [Specialists] [in all cities]"
                				],
                		"requires": ["Volunteer Army","Urbanization"],
                		"row": 3,
                		"column": 3
            		},
			{
				"name": "Freedom Complete",
				"uniques": ["[+100]% Yield from every [Great Improvement]", "[+50]% Golden Age length","[-20]% unhappiness from the number of cities"]
			}
		]
	},
	{
		"name": "Autocracy",
		"era": "Industrial era",
		"uniques": ["[Gold] cost of purchasing [All] units [-33]%", "Unlocks building the Prora",
			"Only available <before adopting [Order]>", "Only available <before adopting [Freedom]>"],
		"policies": [
			{
				"name": "Elite Forces",
				"uniques": ["[+25]% Strength <for [Wounded] units>"],
				"row": 1,
				"column": 3
			},
			{
				"name": "Fortified Borders",
				"uniques": ["[+1 Happiness] from every [Castle]","[+1 Happiness] from every [Arsenal]","[+1 Happiness] from every [Military Base]"],
				"row": 1,
				"column": 5
			},
			{
				"name": "Militarism",
				"uniques": ["[+2 Happiness] from every [Barracks]","[+2 Happiness] from every [Armory]","[+2 Happiness] from every [Military Academy]"]
				"requires": ["United Front","Elite Forces"],
				"row": 2,
				"column": 2
			},
			{
				"name": "Police State",
				"uniques": ["[+3 Happiness] from every [Courthouse]", "[+100]% Production when constructing [Courthouse] buildings [in all cities]"],
				"requires": ["Elite Forces","Fortified Borders"],
				"row": 2,
				"column": 4
			},
			{
				"name": "Scorched Earth",
				"requires": ["United Front","Militarism"],
				"uniques": [
					"[+15]% Strength <vs cities>",
					"Cities are razed [2] times as fast",
					"No movement cost to pillage <for [Melee] units>",
					"[+2] Movement <for [Great General] units>"
				],
				"row": 3,
				"column": 1
			},
			{
                		"name": "Fascism",
                		"uniques": [
                   		"Quantity of strategic resources produced by the empire +[100]%",
                    		"[+2] Movement <for [Great General] units>"
                		],
                		"requires": ["Militarism","Elite Forces","Police State"],
                		"row": 3,
                		"column": 3
            		},
			{
				"name": "Total War",
				"uniques": ["[+25]% Production when constructing [Military] units [in all cities]", "New [Military] units start with [15] Experience [in all cities]"],
				"requires": ["Fortified Borders","Police State"],
				"row": 3,
				"column": 5
			},
			{
				"name": "Jihad",
				"requires": ["Navigation School"],
				"uniques": [
					"[+15]% Strength <for [All] units> <when fighting in [Plains] tiles>",
					"[+15]% Strength <for [All] units> <when fighting in [Jungle] tiles>",
					"[+15]% Strength <for [All] units> <when fighting in [Hill] tiles>",
					"[+15]% Strength <for [All] units> <when fighting in [Forest] tiles>",
					"[+15]% Strength <for [All] units> <when fighting in [Grassland] tiles>"
				],
				"row": 3,
				"column": 1
			},
			{
				"name": "Autocracy Complete",
				"uniques": ["[+25]% Strength <when attacking> <for [Military] units> <for [50] turns>","[+20]% unhappiness from the number of cities"]
			}
		]
	},
	{
    "name": "Order",
    "era": "Industrial era",
	"uniques": ["[+2 Happiness] from every [Monument]", "Unlocks building the Kremlin", "Only available <before adopting [Autocracy]>", "Only available <before adopting [Freedom]>"],
    "policies": [
        {
            "name": "Young Pioneers",
			"uniques": ["[+1 Happiness] from every [Workshop]","[+1 Happiness] from every [Factory]","[+1 Happiness] from every [Nuclear Plant]","[+1 Happiness] from every [Hydro Plant]","[+1 Happiness] from every [Solar Plant]"],
            "row": 1,
            "column": 2
        },
		{
			"name": "Patriotic War",
			"uniques": ["[+15]% Strength <for [All] units> <when fighting in [Friendly Land] tiles>"],
			"row": 1,
			"column": 4
		},
				{
			"name": "Workers' Faculties",
			"uniques": ["[+25]% [Science] from every [Factory]", "[+100]% Production when constructing [Factory] buildings [in all cities]"],
			"requires": ["Young Pioneers"],
			"row": 2,
			"column": 1
		},
        {
            "name": "Academy of Sciences",
            "requires": ["Patriotic War"],
			"uniques": ["[+1 Happiness] from every [Observatory]","[+1 Happiness] from every [Public School]","[+1 Happiness] from every [Research Lab]"],
            "row": 2,
            "column": 5
        },
	{
                "name": "Socialism",
                "requires": ["Patriotic War", "Young Pioneers"],
                "uniques": [
                    "[-15]% maintenance cost for buildings [in all cities]"
                ],
                "row": 2,
                "column": 3
            },
        {
            "name": "Five-Year Plan",
            "requires": ["Workers' Faculties"],
			"uniques": ["[+2 Production] [in all cities]", "[+1 Production] from every [Mine]", "[+1 Production] from every [Quarry]"],
            "row": 3,
            "column": 4
        },
            {
                "name": "Communism",
                "requires": ["Socialism"],
                "uniques": [
                    "[+2 Production] [in all cities]",
                    "[+1 Production] from every [Mine]",
                    "[+1 Production] from every [Quarry]"
                ],
                "row": 3,
                "column": 2
            },
        {
            "name": "Order Complete",
			"uniques": ["[+1 Food, +1 Production, +1 Science, +1 Gold, +1 Culture] [in all cities]","[+10]% unhappiness from the number of cities"]
        }
    ]
}
		]
