[ 
	{
	      "name": "Arcadia",
	      "leaderName": "Lanuai",
	      "startBias": ["Coast"],
	      "adjective": ["Arcadian"],
	      "preferredVictoryType": "Scientific",
	      "favoredReligion": "Others",
	
	    "startIntroPart1": "May goodness be with you, O great Lanuai, King of the kingdom of peace. You managed to unite your people from the differences that exist and lead them to the best path for your kingdom for 500 years and become an example to the world about peace. Though your kingdom will be destroyed by Bostuosilian and then by Leisian. But your kingdom still managed to survive many hardships even though your kingdom will be destroyed forever in another 300 years by the great Rangga Sasana of Sunda Empire.",
		"startIntroPart2": "But will your kingdom continue to crumble when the Sunda empire begins to crumble and because of that your people ask you to lead them again and bring Arcadia back to being the kingdom of peace. Can you do it? Can you build a civilization that will stand the test of time?",
	    "declaringWar": "Your stupid actions have disturbed my policies, then prepare for war!",
		"attacked": "Hahahaha, your stupidity will be the destruction of your own civilization.",
		"defeated": "Impossible, the kingdom of peace from west has fallen.",
		"introduction": "Greetings. I am Lanuai, the King of Arcadia and the peaceful lands belong to me. What bring you here?",
		"neutralHello": "Greetings.",
		"hateHello": "What do you want, peace hater?",
		"tradeRequest": "O peace-loving lord, would you like to accept this offer?",
		
	      "uniqueName": "The Educated Nations",
	      "uniques": ["[+1 Science, +1 Production] per [5] population [in all cities]"],
	      "outerColor": [71,150,99],
		  "innerColor": [25,55,55],
	      "cities": ["Dzuatrudak","Vyermyany","Jablorec","Tabonec","Nyirkata","Budavasvari","Lipcaduseni","Ghindespol","Tarnia","Glorun","Racamanesti","Comaghiol","Zivce","Hustovo","Nikoropol","Kalykiv"
]
	},
	{
	      "name": "Bostuosil",
	      "leaderName": "Trania",
	      "startBias": ["Coast"],
	      "adjective": ["Bostuosilian"],
	      "preferredVictoryType": "Diplomatic",
	      "favoredReligion": "Transistorism",
	
	    "startIntroPart1": "O Trania the Bostuosilian leader. You lead Bostuosilian on a long journey in search of new territories and resources through the vast and deadly ocean. For hundreds of years your people were feared by the world because of the prowess of your Paper Sail Ship and Eagle Archer, and because of that you were able to conquer various very rich regions and make your archipelagic kingdom the most prosperous country because of the abundant gold plunder. Even though the world will no longer be afraid of your military, your civilization will still be respected by the world because of the legendary Spices trade and because of that your country is called a dream country for traders who want to try their luck in your country because of your country's vast wealth. But unfortunately your people could not make good use of that wealth, especially after your departure, so that prosperity began to be defeated by the Sunda Empire in 1600 AD and your territory was annexed by them.",
		"startIntroPart2": "Oh great Trania, who even hearing the name makes others afraid of you. Would you like to return prosperity and wealth especially to Bostuosil after experiencing Sundanese decline? Can you build a civilization that will stand the test of time?",
	    "declaringWar": "My desire to expand has been blocked by you, therefore prepare for war!",
		"attacked": "Hahaha, don't you know my anger makes mountains erupt, and soon you too.",
		"defeated": "I know this day will come, but not now.",
		"introduction": "Oh, the great leader from faraway land. What bring you to my archipelagic kingdom?",
		"neutralHello": "Hello.",
		"hateHello": "Huh, the fool is here.",
		"tradeRequest": "Please, take a look at my lucrative offer and would you like to accept this offer?",
		
	      "uniqueName": "Spices Trade",
	      "uniqueText": "Your first two coastal cities will provide unique resources\n[Settler] and [Worker] units can enter ocean tiles after discovering [Optics] and enables embarkation for land unit after discovering [Sailing]",
	      "uniques": ["Enables [Settler] units to enter ocean tiles <after discovering [Optics]>","Enables [Worker] units to enter ocean tiles <after discovering [Optics]>","Enables embarkation for land units <after discovering [Sailing]>"],
	      "outerColor": [2,46,89],
		  "innerColor": [113,233,248],
	      "cities": ["Ezhuidbus","Lusea","Draburg","Cligate","Gliasver","Grido","Crouis","Krose","Esachester","Orapolis"]
	},
	{
	      "name": "Escon",
	      "leaderName": "Lisi Alisi",
	      "adjective": ["Esconish"],
	      "startBias": ["Coast"],
	      "preferredVictoryType": "Diplomatic",
	      "favoredReligion": "Uncivism",
	
	      "uniqueName": "The Long Journey",
	      "uniques": ["[Military] units gain the [The Long Journey] promotion"],
	      "outerColor": [154,0,92],
		  "innerColor": [229,229,139],
	      "cities": ["Fifras","Wiro","Ose","Laelmesma","Mismoor","Huriham","Chinoowich","Aros","Murmus","Halitos"]
	},
	{
	      "name": "Germany2",
	      "leaderName": "Adolf Hitler",
	      "adjective": ["German"],
	      "preferredVictoryType": "Domination",
	      "favoredReligion": "Christianity",
	
	      "uniqueName": "Blitzkrieg",
	      "uniques": ["Upon capturing a city, receive [6] times its [Science] production as [Science] immediately","[{Land} {Melee}] units gain the [Blitzkrieg] promotion"],
	      "outerColor": [140,22,22],
		  "innerColor": [0,0,0],
	      "cities": ["Berlin","Hamburg","Munich","Cologne","Frankfurt","Essen","Dortmund","Stuttgart","Düsseldorf","Bremen",
			"Hannover","Duisburg","Leipzig","Dresden","Bonn","Bochum","Bielefeld","Karlsruhe","Gelsenkirchen","Wiesbaden",
			"Münster","Rostock","Chemnitz","Braunschweig","Halle","Mönchengladbach","Kiel","Wuppertal","Freiburg","Hagen",
			"Erfurt","Kaiserslautern","Kassel","Oberhausen","Hamm","Saarbrücken","Krefeld","Pirmasens","Potsdam","Solingen",
			"Osnabrück","Ludwigshafen","Leverkusen","Oldenburg","Neuss","Mülheim","Darmstadt","Herne","Würzburg",
			"Recklinghausen","Göttingen","Wolfsburg","Koblenz","Hildesheim","Erlangen"
]
	},
	{
        "name": "Hiland",
	    "leaderName": "Bill Denbrough",
	    "startBias":["Forest"],
	    "adjective": ["Hilandian"],
	    "preferredVictoryType": "Neutral",
	    "favoredReligion": "Judaism",
	    
	    "startIntroPart1": "",
		"startIntroPart2": "",
		"declaringWar": "prepare for war!",
		"attacked": "Oh so I see, you don't know do you? that my anger makes the forest a mighty army. And you will feel it",
		"defeated": "The kingdom of the eternal forest has been destroyed and will definitely come back again.",
		"introduction": "Welcome to this beautiful forest kingdom, what brings you here?",
		"neutralHello": "Hello",
		"hateHello": "Hello, bad guy",
		"tradeRequest": "Would you like to accept this beautiful trade offer?",
		"outerColor": [210,255,195],
		"innerColor": [9,34,1],
		"uniqueName": "Hilandian Wood Trade",
		"uniques": ["[+1 Food] from every [Forest] <in [Fresh water] tiles>","[+1 Food] from every [Forest] <in [Hill] tiles>","[+1 Gold] from every [Lumber mill]"],
		"cities": ["Hilands","New Hilands","Astara","Nailee","Tai","Neo Tai","Lunkei","Satrya","Benneck","Vremont"]
      },
	{
        "name": "Indonesia3",
	    "leaderName":"Aidan",
	    "startBias":["Coast"],
	    "adjective": ["Indonesian"],
	    "preferredVictoryType": "Scientific",
	    "favoredReligion": "Atheism",
	    
		"declaringWar": "The thing you have done to my people make me angry, and because of that I declared war on you!",
		"attacked": "War? Pathetic.",
		"defeated": "Impossible, destruction has come to us. But I believe Indonesia will rise again.",
		"introduction": "Welcome to Indonesia, my friend. I am Aidan, President of Indonesia. Nice to meet you!",
		"neutralHello": "How are you?",
		"hateHello": "Yes?",
		"tradeRequest": "My friend, will you accept this trade offer?",
		"outerColor": [255,255,255],
		"innerColor": [229,197,29],
		"uniqueName": "Futuristic Revolution",
		"uniqueText": "[+2 Production] from every specialist [in all coastal cities]\n[+2 Production] from every [Great Improvement] with at least [1] adjacent [Coast]\n+5% [Production] when constructing [All] wonders [in all coastal cities] starting from the Renaissance era",
		"uniques": ["[+2 Production] from every specialist [in all coastal cities]","[+2 Production] from every [Great Improvement] <with [1] to [6] neighboring [Coast] tiles>","[+5]% Production when constructing [All] wonders [in all coastal cities] <starting from the [Renaissance era]>"],
		"cities": ["Jakarta","Bandung","Surabaya","Serang","Semarang","Yogyakarta","Tangerang","Palangkaraya","Pontianak","Samarinda","Banjarmasin","Tanjung Selor","Banda Aceh","Jayapura"]
	},
	{
        "name": "Indonesia2",
	    "leaderName":"Soeharto",
	    "startBias":["Coast"],
	    "adjective": ["Indonesian"],
	    "preferredVictoryType": "Domination",
	    "favoredReligion": "Islam",
	
	    "startIntroPart1": "Hail to thee, Suharto, President of Indonesia! You rule over the modern nation of Indonesia, a vast, sprawling archipelago rich in culture, wealth, and resources. After thwarting a Communist coup, you rose from military general to the ruler of the nation. You brought political stability, rapid economic growth, and improved education to your fledgling independent nation. Despite accusations of growing corruption, military authoritarianism, and human rights abuses, your reign brought with it a great prosperity for almost thirty years!",
	    "startIntroPart2": "Suharto, economic crises and a growing political activism would spell the end for your regime. But there are those in Indonesia who wish for a return to the old ways of the New Order! Will your governance once more bring prosperity to Indonesia? Will you build a civilization to stand the test of time?",
		"defeated": "...This is unfortunate.",
		"declaringWar": "In the future, you will be a threat to us. And because of that we declare war on you!",
		"attacked": "War? Don't you know the anger of a millions of Indonesians, soon you will.",
		"introduction": "Welcome. This is Indonesia, and I am Suharto. Why are you here?",
		"neutralHello": "How are you, the ruler of a distant land?",
		"hateHello": "Why are you here.",
		"tradeRequest": "Great leader, will you accept my trade offer while trying the fried rice?",
	    "innerColor": [255,0,0],
		"outerColor": [255,255,255],
		"uniqueName": "The New Order",
		"uniques": ["Entering the golden age when you built a unique building that will be unlocked when completing policy tree","[+20]% Strength <during a Golden Age>"],
		"cities": ["Jakarta","Surabaya","Yogyakarta","Medan","Bandung","Semarang","Palembang","Makassar","Pekanbaru","Bandar Lampung","Batam","Padang","Malang","Denpasar","Samarinda","Banjarmasin","Serang","Balikpapan","Pontianak","Jambi","Surakarta","Mataram","Manado","Kupang","Palu","Bengkulu","Ambon","Cirebon","Kendari","Jayapura","Banda Aceh","Palangkaraya","Tanjung Pinang","Pangkal Pinang","Gorontalo","Ternate","Metro"]
      },
      {
	      "name": "Italy2",
	      "leaderName": "Mussolini",
	      "adjective": ["Italian"],
		  "startBias":["Forest"],
	      "preferredVictoryType": "Domination",
	      "favoredReligion": "Catholicism",
	
	      "uniqueName": "Mare Nostrum",
	      "uniqueText": "[+10]% Production towards any buildings that already exist in the Capital\n[+15]% Production when constructing Land Melee units [in all cities]",
	      "uniques": ["[+10]% Production towards any buildings that already exist in the Capital","[+15]% Production when constructing [{Land} {Melee}] units [in all cities]"],
	      "outerColor": [0,54,15],
		  "innerColor": [151,168,45],
	      "cities": ["Rome","Milan","Naples","Turin","Palermo","Venice","Genoa","Florence","Bologna","Bari","Catania","Verona","Parma","Livorno","Cagliari","Foggia","Salerno","Forli","Pisa","Asti","Messina","Trieste","Prato","Vicenza","Brescia","Modena","Padua","Siracusa","Ferrara","Novara","Taranto","Perugia","Latina","Bergamo","Pescara","Monza","Sassari","Rimini","Terni","Vittoria"
]
	},
    {
		"name": "Japan2",
		"leaderName": "Hideki Tojo",
		"adjective": ["Japanese"],
		"startBias": ["Coast"],
		"preferredVictoryType": "Domination",
		"favoredReligion": "Shinto",

	    "outerColor": [205,205,205],
		"innerColor": [100,0,0],
		"favoredReligion": "Shinto",
		"uniqueName": "Empire of the Pacific",
		"uniques": ["[+50]% Production when constructing [{Military} {Water}] units [in annexed cities]","[+1 Science] from every [Fishing Boats]","[+1 Science] from every [Atoll]"],
		"cities": ["Kyoto","Osaka","Tokyo","Satsuma","Kagoshima","Nara","Nagoya","Izumo","Nagasaki","Yokohama",
			"Shimonoseki","Matsuyama","Sapporo","Hakodate","Ise","Toyama","Fukushima","Suo","Bizen","Echizen",
			"Izumi","Omi","Echigo","Kozuke","Sado","Kobe","Nagano","Hiroshima","Takayama","Akita","Fukuoka","Aomori",
			"Kamakura","Kochi","Naha","Sendai","Gifu","Yamaguchi","Ota","Tottori"]
	},
      {
        "name": "Leisi",
	    "leaderName":"Raka",
	    "startBias":["Tundra"],
	    "adjective": ["Leisian"],
	    "preferredVictoryType": "Domination",
	    "favoredReligion": "Shinto",
	    
	    "startIntroPart1": "May success and prosperity always be with you, O Raka the Savior of the East. You led your nation when your nation was on the verge of collapse, as evidenced by the many deaths, famine, economic crisis, and the ongoing war against Bostuosil. But you managed to force Bostuosil to make peace because of your volunteer army of Loko Archers, and solve the economic crisis and hunger with your famous policies and improvement. Because of that your nation became the tundra nation who were feared because of the progress, wealth, prosperity of your people. Even though later your nation must be destroyed because the cruel Sunda Empire.",
		"startIntroPart2": "But will your nation continue to crumble? O Raka the Savior of the East, your people ask you to return to being their leader and bring back all that Leisi had before, namely prosperity, progress, wealth, and much more. Can you bring your nation to its former glory? Can you build a civilization that will stand the test of time?",
		"declaringWar": "You have angered God and because of that he asked me to punish you, prepare for war!",
		"attacked": "Looks like you chose the wrong enemy, because god is on my side!",
		"defeated": "If God has willed, then what can I do?",
		"introduction": "I am Raka The King of The Three Worlds, What bring you here?",
		"neutralHello": "Hi!",
		"hateHello": "What are you doing here!",
		"tradeRequest": "I have a trade offer that may be of interest to you.",
		"outerColor": [255,254,1],
		"innerColor": [239,27,39],
		"uniqueName": "The Last Best East",
		"uniqueText": "After discovering [Industrialization], [+2 Production] from every [Mine] and [Lumber mill] in [Tundra] and [Snow] tiles, [+2 Food] from every [Camp] and [Farm] in [Tundra] and [Snow] tiles",
		"uniques": ["[+2 Production] from every [Mine] <in [Tundra] tiles> <after discovering [Industrialization]>","[+2 Production] from every [Mine] <in [Snow] tiles> <after discovering [Industrialization]>","[+2 Production] from every [Lumber mill] <in [Tundra] tiles> <after discovering [Industrialization]>","[+2 Production] from every [Lumber mill] <in [Snow] tiles> <after discovering [Industrialization]>","[+2 Food] from every [Camp] <in [Tundra] tiles> <after discovering [Industrialization]>","[+2 Food] from every [Camp] <in [Snow] tiles> <after discovering [Industrialization]>","[+2 Food] from every [Farm] <in [Tundra] tiles> <after discovering [Industrialization]>","[+2 Food] from every [Farm] <in [Snow] tiles> <after discovering [Industrialization]>"],
		"cities": ["Ares","Bagg","Surya","Seiig","Seong","Yoai","Trang","Pakaraya","Ponak","Sarinda","Masin","Tanjie","Baiah","Jaia"]
      },
      {
        "name": "Majapahit",
        "leaderName": "Gitarja",
        "startBias": ["Coast"],
        "adjective": ["Javanese"],
        "preferredVictoryType": "Cultural",
        "favoredReligion": "Hinduism",
         
		"declaringWar": "Before this war ends, you will know the fury of a thousand ships.",
		"attacked": "Truly? Didn't you know my vengeance puts monsoons to shame? Soon you will.",
		"defeated": "The dream of Nusantara is lost to the turning tide.",
		"introduction": "I am Gitarja, Indonesia's queen and protector. Those who thought us weak litter the ocean floor.",
		"neutralHello": "I knew you had it in you.",
		"hateHello": "You are like the muck that spreads around ships in calm waters.",
		"tradeRequest": "Our delegation brings oncom spore cakes!",
		"outerColor": [205,0,1],
		"innerColor": [9,171,157],
		"uniqueName": "Great Nusantara",
		"uniqueText": "[Great Improvement] get [+1 Food] from every adjacent [Coast] or [Lakes] tiles",
		"uniques": [
"[+1 Food] from every [Great Improvement] <with [1] to [1] neighboring [Coast] tiles>",
"[+2 Food] from every [Great Improvement] <with [2] to [2] neighboring [Coast] tiles>",
"[+3 Food] from every [Great Improvement] <with [3] to [3] neighboring [Coast] tiles>",
"[+4 Food] from every [Great Improvement] <with [4] to [4] neighboring [Coast] tiles>",
"[+5 Food] from every [Great Improvement] <with [5] to [5] neighboring [Coast] tiles>",
"[+6 Food] from every [Great Improvement] <with [6] to [6] neighboring [Coast] tiles>",
"[+1 Food] from every [Great Improvement] <with [1] to [1] neighboring [Lakes] tiles>",
"[+2 Food] from every [Great Improvement] <with [2] to [2] neighboring [Lakes] tiles>",
"[+3 Food] from every [Great Improvement] <with [3] to [3] neighboring [Lakes] tiles>",
"[+4 Food] from every [Great Improvement] <with [4] to [4] neighboring [Lakes] tiles>",
"[+5 Food] from every [Great Improvement] <with [5] to [5] neighboring [Lakes] tiles>",
"[+6 Food] from every [Great Improvement] <with [6] to [6] neighboring [Lakes] tiles>",
"[Work Boats] units gain the [Kampung] promotion"
],
		"cities": ["Jakarta","Surabaya","Medan","Makassar","Batam","Denpasar","Samarinda","Mataram","Ambon","Bandung",
			"Kupang","Depok","Palembang","Trowulan","Semarang","Jayapura","Tangerang","Bogor","Pekanbaru","Bandar Lampung",
			"Malang","Padang","Ternate","Banjarmasin","Pontianak","Cimahi","Balikpapan","Jambi","Komodo","Solo",
			"Biak","Djawa","Kudus","Lombok","Samosir","Sragen","Garut","Gresik","Nias","Madiun",
			"Yogyakarta","Bima","Sorong"]
      },
      {
	      "name": "Majapahit2",
	      "leaderName": "Hayam Wuruk",
	      "startBias": ["Coast"],
	      "adjective": ["Javanese"],
	      "preferredVictoryType": "Domination",
	      "favoredReligion": "Hinduism",
	
	      "uniqueName": "The Golden Reign",
	      "uniqueText": "[+5]% [Culture], [Science], [Gold], [Production], [Faith] [in all cities] during a Golden Age\n[+25]% Golden Age length",
	      "uniques": ["[+5]% [Culture] [in all cities] <during a Golden Age>","[+5]% [Science] [in all cities] <during a Golden Age>","[+5]% [Gold] [in all cities] <during a Golden Age>","[+5]% [Production] [in all cities] <during a Golden Age>","[+5]% [Faith] [in all cities] <during a Golden Age>","[+25]% Golden Age length"],
	      "outerColor": [65,108,146],
		  "innerColor": [247,201,5],
	      "cities": ["Jakarta","Surabaya","Medan","Makassar","Batam","Denpasar","Samarinda","Mataram","Ambon","Bandung",
			"Kupang","Depok","Palembang","Trowulan","Semarang","Jayapura","Tangerang","Bogor","Pekanbaru","Bandar Lampung",
			"Malang","Padang","Ternate","Banjarmasin","Pontianak","Cimahi","Balikpapan","Jambi","Komodo","Solo",
			"Biak","Djawa","Kudus","Lombok","Samosir","Sragen","Garut","Gresik","Nias","Madiun",
			"Yogyakarta","Bima","Sorong"]
	},
      {
	      "name": "Malaysia",
	      "leaderName": "Parameswara",
	      "startBias": ["Coast"],
	      "adjective": ["Malaysian"],
	      "preferredVictoryType": "Cultural",
	      "favoredReligion": "Islam",
	
	      "startIntroPart1": "All hail Parameswara, usurped Shah of Singapura and Sultan of mighty Malacca! For nine years, you ruled in splendour in the Lion City before a treacherous advisor stole it from you with the ships of the hated Majapahit. Forced to flee, you discovered a land over the seas where even the mouse-deers were formidable, and this place you named Malacca. Through your leadership, this new kingdom grew powerful, rivalling stolen Singapura in beauty, helped by your recruitment of the loyal Orang Laut to protect your traders from pirates, and though the Europeans stole your city from your descendants, one day they would take back what was theirs and live free once more.",
		  "startIntroPart2": "O Supreme Lord, whose magnificence awed even the Celestial Emperors, Malacca is Malaysia and Malaysia is in direst peril. Will you fend off the pirates as you did in ages past? Will your kingdom rise once more to rule with trade and fire? Can you build a Civilization that will stand the test of time?",
	
	      "uniqueName": "Merchant Guild",
	      "uniques": ["[Great Merchant] is earned [33]% faster","[+2 Gold, +2 Food] from every [Customs house]","[+2 Gold, +2 Food] from every [Merchant]"],
	      "outerColor": [7,16,56],
		  "innerColor": [227,116,12],
	      "cities": ["Kuala Lumpur","Malacca","Johor Bahru","Penang","Ipoh","Putrajaya","Subang Jaya","Kota Bharu","Kuantan","Alor Setar","Seremban","Kangar","Sham Alam","Kuala Terengganu","Singapore","Kuching","Klang","Ampang","Petaling Jaya","Pekan","Pulau Langkwai","Seri Mentanti","Muar","Tangkak","Temerloh","Kuala Lipis","Tanah Rata","Brinchang","Genting"]
	},
	{
	    "name": "Mali",
	    "leaderName": "Mansa Musa",
	    "adjective": ["Malian"],
	    "startBias": ["Desert"],
	    "preferredVictoryType": "Diplomatic",
	    "favoredReligion": "Islam",
	
	    "declaringWar": "Your transgressions are as deep as oceans. O God, grant that I may chastise this one!",
		"attacked": "Enough! My forbearance ends here! We must have war between us, instead of a false peace.",
		"defeated": "Wealth is fleeting; learning is vanity. All I have done, O God, I did in your name.",
		"introduction": "I am Sultan Musa, lord of Mali, and—thanks be to God—a very, very rich man. I am pleased to meet you.",
		"neutralHello": "I am pleased.",
		"hateHello": "Serpent! Tempter! Wretch!",
		"tradeRequest": "Please accept these simple gifts of one hundred porters carrying sacks of gold dust.",   
	    "outerColor": [121,0,2],
	    "innerColor": [235,225,138],
	    "uniqueName": "Songs of the Jeli",
	    "uniqueText": "[+1 Faith, +1 Food] [in all cities] for each adjacent [Desert]\n[-1 Production, +3 Gold] from every [Mine]\n[-15]% Production when constructing [Military] units and [Buildings] buildings [in all cities]",
	    "uniques": ["[+1 Faith, +1 Food] [in all cities] <with [1] to [1] neighboring [Desert] tiles>",
"[+2 Faith, +2 Food] [in all cities] <with [2] to [2] neighboring [Desert] tiles>",
"[+3 Faith, +3 Food] [in all cities] <with [3] to [3] neighboring [Desert] tiles>",
"[+4 Faith, +4 Food] [in all cities] <with [4] to [4] neighboring [Desert] tiles>",
"[+5 Faith, +5 Food] [in all cities] <with [5] to [5] neighboring [Desert] tiles>",
"[+6 Faith, +6 Food] [in all cities] <with [6] to [6] neighboring [Desert] tiles>",
"[-1 Production, +3 Gold] from every [Mine]",
"[-15]% Production when constructing [Military] units [in all cities]",
"[-15]% Production when constructing [Buildings] buildings [in all cities]"
],
	    "cities": ["Niani","Timbuktu","Jenne","Gao","Kumbi Saleh","Walata","Tawdenni","Tadmekka","Nioro","Segu","Awdaghust","Kirina","Kangaba","Kouroussa","Niagassola","Diara","Kayes","Dia","Kiri","Narena","Mopti","Arawan","N’teret","Tabon","Kukya","Siby","Fadama","Dakadiala","Kaniana","Siguiri"]
	},
	{
	      "name": "Philippines",
	      "leaderName": "Jose Rizal",
	      "startBias": ["Coast"],
	      "adjective": ["Filipinos"],
	      "preferredVictoryType": "Cultural",
	      "favoredReligion": "Catholicism",
	
	      "startIntroPart1": "Your people gaze upon you with their hearts, José Rizal, national hero of all the Philippines. For thousands of years, the glimmering islands of this land have played host to one of the largest populations in the world, and has become a veritable melting pot for a great diversity of people; fusing together the cultures of Austronesians, Malay, Chinese, Spanish, British and Americans alike. Your ideals have forever shaped the course of Filipino history, and drives through the veins of your people their will for independence. After your execution at the hands of the Spanish colonists in 1896, your adherents rose up, and declared a new nation in the pacific, founded upon the principles of your life's work, and thus for this you are eternally honoured as the first Filipino.",
		  "startIntroPart2": "O magnificent Rizal, your people call you to change their world once more. Can you defend this beautiful and tranquil homeland against all manner of foe? Can you forge a place for the Philippine Republic through peace and harmony with the world around you? Can you build a civilization that can stand the test of time?",
	      "defeated": "The Philippine Republic is no more. What sorrow must fill your heart to bring such destruction upon this beautiful land",
	      "introduction": "Welcome to the Philippines, traveller! I am José Rizal, and I seek only peace, so that we might learn, in harmony, of the cultures that we both nurtures",
		 "neutralHello": "Mabuhay, the great leader!",
	     "hateHello": "You are trash that must be exterminated from this beautiful world!!",
		 "tradeRequest": "Our delegation has brought you trade offers that you may find interesting and Balut that you must try!",
	     "declaringWar": "Sooner or later, you will only become a problem for us, and because of that we declare war on you!",
		 "attacked": "So that's how it is, this beautiful country can't be at peace forever.",
	
	      "uniqueName": "Pearl of the Orient",
	      "uniques": ["[+1 Culture] from every [Coast]","[+1 Culture] from every [Ocean]"],
	      "outerColor": [57,189,191],
		  "innerColor": [255,255,255],
	      "cities": ["Manila","Cebu","Davao","Butuan","Caloocan","Iloilo","Quezon","Laguna","Vigan","Pangasinan","Baguio","Zamboanga","Olongapo","Legaspi","Sagada","Peurto Princesa","Bacolod","Calbayog","Pasig","Taguig","Leyte","Cotabato","Bacoor","Cabanatuan","Antipolo","Makati","Dasmarines","San Jose del Monte","El Nido"]
	},
	{
	      "name": "Questain",
	      "leaderName": "Leon II",
	      "startBias": ["Mountain"],
	      "adjective": ["Questain"],
	      "preferredVictoryType": "Scientific",
	      "favoredReligion": "Catholicism",
	
	      "uniqueName": "The Mountain Peoples",
	      "uniques": [
"[+2 Food, +1 Science, +1 Culture, +1 Faith] from every [Mountain]",
"[Land] units gain the [The Mountain Peoples] promotion"
],
	      "outerColor": [1,10,99],
		  "innerColor": [205,200,185],
	      "cities": ["Sixily","Myani","Jadorek","Tabc","Siayta","Buari","Luseni","Ghispol","Taroa","Gloeun","Ranesti","Coiol","Zivlire","Hivo","Astopol","Kepiv"
]
	},
	{
	    "name": "Sunda Empire",
	    "leaderName": "Rangga Sasana",
	    "adjective": ["Sundanese"],
	    "startBias": ["Coast"],
	    "preferredVictoryType": "Cultural",
	    "favoredReligion": "Customization",
	
	    "startIntroPart1": "Warm greetings to the ruler of the whole world, the great Rangga Sasana of the Sunda Empire. You have conquered the world and made them your brave warriors, all the progress you have made started from the Bandung Declaration which resulted in the advancement of technology and your army at least in the dream world. After that you quickly conquered the whole world in one day and started the Bandung Declaration II which contained a treaty of world unity in one banner of the Sunda Empire.",
	    "startIntroPart2": "O Rangga Sasana the ruler of worlds. The empire you lead is indeed prosperous and victorious in all fields. But your people seem to be starting to lose their identity especially after you disappeared. O Rangga Sasana, your people ask you to lead them again in achieving the glory of the Sunda Empire forever and ever. Can you do it? Can you build a civilization that will stand the test of time?",
	    "declaringWar": "You are a reckless colony and for that you must be punished!",
	    "attacked": "Hah, Have you never heard of the greatness of the Sunda empire?",
	    "defeated": "You, Bastard",
	    "introduction": "Greetings, I am Rangga Sasana, the ruler of all worlds",
	    "neutralHello": "What's the matter, brave warrior?",
	    "hateHello": "What do you want, bitch?",
	    "tradeRequest": "Greetings brave warriors, this benevolent Sunda Empire wishes to trade with you.",
	    "outerColor": [0,0,0],
	    "innerColor": [255,255,255],
	    "uniqueName": "All World Belongs to Sunda Empire",
	    "uniqueText": "Can spend Gold to annex or puppet a City-State that has been your ally for [5] turns.",
	    "uniques": ["Can spend Gold to annex or puppet a City-State that has been your ally for [5] turns.","[Work Boats] units gain the [Jolopong] promotion"],
	    "cities": ["Bandung","New York","Jakarta","London","Tokyo","Paris","Canberra"]
	},
	{
	      "name": "Soviet Union",
	      "leaderName": "Joseph Stalin",
	      "startBias": ["Tundra"],
	      "adjective": ["Russian"],
	      "preferredVictoryType": "Domination",
	      "favoredReligion": "Atheism",
	
	      "defeated": "Is this the end?",
	      "introduction": "Hell Yeah",
	
	      "uniqueName": "The Glory of Communism",
	      "uniques": ["Receive free [Great Engineer] everytime you built a [Gulag] [in annexed cities]. After discovering Industrialization, [Gulag] can be built [in capital]"],
	      "outerColor": [200,200,200],
		  "innerColor": [100,0,0],
	      "cities": ["Moscow","St. Petersburg","Novgorod","Rostov","Yaroslavl","Yekaterinburg","Yakutsk","Vladivostok","Smolensk","Orenburg",
			"Krasnoyarsk","Khabarovsk","Bryansk","Tver","Novosibirsk","Magadan","Murmansk","Irkutsk","Chita","Samara",
			"Arkhangelsk","Chelyabinsk","Tobolsk","Vologda","Omsk","Astrakhan","Kursk","Saratov","Tula","Vladimir","Perm",
			"Voronezh","Pskov","Starayarussa","Kostoma","Nizhniy Novgorod","Suzdal","Magnitogorsk"]
	},
	{
	      "name": "Strahan",
	      "leaderName": "Krasan",
	      "startBias": ["Coast"],
	      "adjective": ["Strahani"],
	      "preferredVictoryType": "Diplomatic",
	      "favoredReligion": "Uncivism",
	
	      "uniqueName": "The Rich City-states",
	      "uniques": ["[+50]% [Gold] from Trade Routes","Cannot build [Settler] units","Receive free [Settler] when you discover [Optics]","Receive free [Settler] when you discover [Astronomy]"],
	      "outerColor": [89,78,24],
		  "innerColor": [255,223,0],
	      "cities": ["Strahan","Hantar","Kladan","Lontar","Xixilan"]
	},
	{
	      "name": "Taevas",
	      "leaderName": "Taka Tiki",
	      "startBias": ["Jungle"],
	      "adjective": ["Taevasi"],
	      "preferredVictoryType": "Cultural",
	      "favoredReligion": "Others",
	
	      "uniqueName": "The Magical World",
	      "uniqueText": "Unlocks special units which replace Archer and its subsequent upgrades with a special promotions",
	      "outerColor": [255,255,255],
		  "innerColor": [100,100,100],
	      "cities": ["Sandwick","Blackwallow","Whithaven","Sleekvale","Steepfall","Limepass","Silkhold","Rimecliff","Crystalmire","Nighthaven"
]
	},
	{
	      "name": "Thoule",
	      "leaderName": "August",
	      "startBias": ["Hill"],
	      "adjective": ["Thoulish"],
	      "preferredVictoryType": "Cultural",
	      "favoredReligion": "Turtlesism",
	
	      "uniqueName": "Sacred Fortress",
	      "uniques": ["[+15]% Strength for cities <in [Hill] tiles> <with a garrison> <when attacking>","[+1 Culture, +1 Faith] from every [Walls]","[+1 Culture, +1 Faith] from every [Castle]","[+1 Culture, +1 Faith] from every [Arsenal]","[+1 Culture, +1 Faith] from every [Military Base]"],
	      "outerColor": [62,44,203],
		  "innerColor": [163,165,255],
	      "cities": ["Platgate","Foxding","Itouross","Plasa","Closhire","Izlork","Lensa","Krand","Encefield","Eleymouth"]
	},
	{
	      "name": "Zastaria",
	      "leaderName": "Dan",
	      "startBias": ["Plains"],
	      "adjective": ["Zastarian"],
	      "preferredVictoryType": "Cultural",
	      "favoredReligion": "Others",
	
	      "uniqueName": "Land of the Prophets",
	      "uniques": ["[+25]% Spread Religion Strength <for [Great Prophet] units>","[-25]% Faith cost of generating Great Prophet equivalents"],
	      "outerColor": [15,154,0],
		  "innerColor": [16,0,242],
	      "cities": ["Aetherus","Paphollo","Chamoezen","Pheregea","Tauresia","Stympheidonia","Knidiki","Kasmenaros","Assespontos","Rinda","Chalcigus"
]
	}
]