[
    //Bostuosil Resources
    {
		"name": "Cardamom",
		"resourceType": "Luxury",
		"gold": 2
	},
	{
		"name": "Saffron",
		"resourceType": "Luxury",
		"gold": 2
	},
	//City-states resources
	{
		"name": "Vanilla",
		"resourceType": "Luxury",
		"gold": 2,
		"uniques": ["Can only be created by Mercantile City-States"]
	},
	//Great Tregtia resources
	{
		"name": "Religious Objects", 
		"gold": 2,
		"resourceType": "Luxury",
	},
	{
		"name": "Cosmetics", 
		"gold": 2,
		"resourceType": "Luxury",
	},
	{
		"name": "Souvenir", 
		"gold": 2,
		"resourceType": "Luxury"
	},
	//Tile resources
    //Luxury resources
	{
		"name": "Honey",
		"resourceType": "Luxury",
		"terrainsCanBeFoundOn": ["Forest","Jungle"],
		"gold": 1,
		"food": 1,
		"improvement": "Plantation"
	},
	{
		"name": "Bear",
		"resourceType": "Luxury",
		"terrainsCanBeFoundOn": ["Forest","Jungle","Snow","Tundra"],
		"gold": 1,
		"food": 1,
		"improvementStats": {"gold": 1},
		"improvement": "Camp"
	},
	{
		"name": "Penguin",
		"resourceType": "Luxury",
		"terrainsCanBeFoundOn": ["Snow","Tundra"],
		"gold": 1,
		"food": 1,
		"improvementStats": {"food": 1},
		"improvement": "Camp"
	},
	{
		"name": "Turtles",
		"resourceType": "Luxury",
		"terrainsCanBeFoundOn": ["Atoll"],
		"food": 1,
		"improvementStats": {"science": 1},
		"improvement": "Fishing Boats",
		"uniques": ["Generated on every [8] tiles <in [Atoll] tiles>"]
	},
	{
		"name": "Mercury",
		"resourceType": "Luxury",
		"terrainsCanBeFoundOn": ["Plains","Hill"],
		"production": 1,
	    "improvementStats": {"science": 1},
		"improvement": "Mine",
	},
	{
		"name": "Marijuana",
		"resourceType": "Luxury",
		"terrainsCanBeFoundOn": ["Grassland","Plains"],
		"happiness": 1,
		"faith": 1,
		"improvement": "Plantation",
	},
	{
		"name": "Tea",
		"resourceType": "Luxury",
		"terrainsCanBeFoundOn": ["Grassland","Hill"],
		"gold": 1,
		"production": 1,
		"improvement": "Plantation",
	},
	{
		"name": "Diamonds",
		"resourceType": "Luxury",
		"terrainsCanBeFoundOn": ["Hill","Jungle"],
		"gold": 2,
		"improvement": "Quarry",
		"improvementStats": {"production": 1},
		"uniques": ["Generated with weight [20] <in [Jungle] Regions>",
					"Generated with weight [15] <in [Hill] Regions>"],
	},
	{
		"name": "Emerald",
		"resourceType": "Luxury",
		"terrainsCanBeFoundOn": ["Hill","Forest"],
		"gold": 2,
		"improvement": "Mine"
	},
	{
		"name": "Ruby",
		"resourceType": "Luxury",
		"terrainsCanBeFoundOn": ["Hill","Forest"],
		"gold": 2,
		"improvement": "Mine"
	},
	{
		"name": "Hitium",
		"resourceType": "Luxury",
		"terrainsCanBeFoundOn": ["Hill","Snow"],
		"gold": 2,
		"improvement": "Mine"
	},
	//Bonus
	{
	"name": "Hardwood",
 "resourceType": "Bonus",
 "terrainsCanBeFoundOn": ["Forest"],
 "production": 1,
 "improvement": "Lumber mill",
 "uniques":
  ["Generated on every [14] tiles <in [Forest] tiles>",
   "Generated on every [10] tiles <in [Hill] [Forest] tiles>",
   "Generated on every [8] tiles <in [Tundra] [Forest] tiles>"]
   },
   {
		"name": "Rice",
		"resourceType": "Bonus",
		"food": 1,
		"improvement": "Farm",
		"terrainsCanBeFoundOn": ["Grassland","Flood plains","Marsh","Plains"],
		"uniques": ["Generated on every [20] tiles <in [Featureless] [Grassland] tiles>",
"Generated on every [25] tiles <in [Featureless] [Plains] tiles>",
"Generated on every [10] tiles <in [Marsh] tiles>",
"Generated on every [15] tiles <in [Flood plains] tiles>"]
	},
	{
		"name": "Bamboo",
		"resourceType": "Bonus",
		"terrainsCanBeFoundOn": ["Grassland","Plains","Marsh"],
		"food": 1,
		"improvement": "Lumber mill",
	}
]