[
	{
		"name": "Arsia",
		"replaces": "Missile Cruiser",
		"uniqueTo": "Indonesia3",
		"unitType": "Ranged Water",
		"movement": 7,
		"strength": 80,
		"rangedStrength": 120,
		"range": 3, 
		"interceptRange": 2,
		"cost": 475,
		"requiredTech": "Robotics",
		"attackSound": "shipguns",
		"promotions": ["[Arsia] ability","Indirect Fire"],
		"uniques": ["[100]% chance to intercept air attacks", "Can see invisible [Submarine] units",
			"Can carry [3] [Missile] units", "[+100]% Strength <vs [Submarine] units>", "Never appears as a Barbarian unit"]
	},
	{
	    "name":"Jong",
		"replaces": "Frigate",
		"uniqueTo":"Majapahit",
		"unitType": "Ranged Water",
		"movement": 5,
		"strength": 28,
		"rangedStrength": 30,
		"cost": 185,
		"hurryCostModifier": 20,
		"requiredTech": "Navigation",
		"obsoleteTech": "Electronics",
		"upgradesTo": "Battleship",
		"attackSound": "cannon"
	},
	{
	    "name": "Buandica",
	    "uniqueTo": "Questain",
		"replaces": "Destroyer",
		"unitType": "Melee Water",
		"movement": 6,
		"strength": 55,
		"interceptRange": 2,
		"cost": 375,
		"requiredTech": "Combustion",
		"promotions": ["Sentry","Logistics"],
		"uniques": ["Can see invisible [Submarine] units", "[40]% chance to intercept air attacks",
			"May withdraw before melee ([80]%)", "[+100]% Strength <vs [Submarine] units>"],
		"attackSound": "shipguns"
	},
	{
		"name": "Pesilat",
		"uniqueTo": "Malaysia",
		"replaces": "Pikeman",
		"unitType": "Sword",
		"movement": 2,
		"strength": 20,
		"cost": 90,
		"requiredTech": "Civil Service",
		"uniques": ["[+50]% Strength <vs [Mounted] units>"],
		"upgradesTo": "Lancer",
		"obsoleteTech": "Metallurgy",
		"attackSound": "metalhit" 
	},
	{
		"name": "Mandekalu Cavalry2",
		"replaces": "Knight",
		"uniqueTo": "Mali",
		"unitType": "Mounted",
		"movement": 4,
		"strength": 22,
		"cost": 120,
		"requiredTech": "Chivalry",
		"obsoleteTech": "Military Science",
		"upgradesTo": "Cavalry",
		"requiredResource": "Horses",
		"uniques": ["Can move after attacking","No defensive terrain bonus",
			"[-33]% Strength <vs cities> <when attacking>"],
		"attackSound": "horse",
		"promotions": ["[Mandekalu Cavalry2] ability"]
	},
	{
	    "name": "Loko Archer",
	    "uniqueTo": "Leisi",
		"replaces": "Chariot Archer",
		"unitType": "Archery",
		"movement": 4,
		"strength": 6,
		"rangedStrength": 12,
		"cost": 65,
		"requiredTech": "The Wheel",
		"upgradesTo": "Knight",
		"obsoleteTech": "Chivalry",
		"attackSound": "arrow",
		"uniques": ["No defensive terrain bonus", "Rough terrain penalty"]
	},
	{
	    "name": "Macan Bodas",
	    "uniqueTo": "Sunda Empire",
		"replaces": "Horseman",
		"unitType": "Mounted",
		"movement": 4,
		"strength": 12,
		"cost": 75,
		"requiredTech": "Horseback Riding",
		"upgradesTo": "Knight",
		"obsoleteTech": "Chivalry",
		"uniques": ["Can move after attacking","No defensive terrain bonus","[-33]% Strength <vs cities> <when attacking>" ],
		"hurryCostModifier": 20,
		"attackSound": "horse",
		"promotions": ["[Macan Bodas] ability"]
	},
	{
	    "name": "Kopassus",
	    "uniqueTo": "Indonesia2",
		"replaces": "Paratrooper",
		"unitType": "Gunpowder",
		"movement": 2,
		"strength": 70,
		"cost": 375,
		"requiredTech": "Radar",
		"uniques": ["May Paradrop up to [10] tiles from inside friendly territory", "Never appears as a Barbarian unit"],
		"attackSound": "shot"
	},
	{
	    "name": "Katipunero",
	    "uniqueTo": "Philippines",
		"replaces": "Rifleman",
		"unitType": "Gunpowder",
		"movement": 2,
		"strength": 34,
		"cost": 200,
		"requiredTech": "Rifling",
		"obsoleteTech": "Replaceable Parts",
		"upgradesTo": "Great War Infantry",
		"attackSound": "shot",
		"promotions": ["[Katipunero] ability"]
	},
	{
	    "name": "Tsar Bomba",
	    "uniqueTo": "Soviet Union",
		"replaces": "Atomic Bomb",
		"unitType": "Atomic Bomber",
		"movement": 1,
		"strength": 190,
		"rangedStrength": 190,
		"range": 13,
		"cost": 600,
		"requiredTech": "Nuclear Fission",
		"requiredResource": "Uranium",
		"promotions" : ["Evasion"],
		"uniques": ["Nuclear weapon of Strength [1]", "Only available <if [Manhattan Project] is constructed>", "Self-destructs when attacking",
			"Blast radius [2]"],
		"attackSound": "nuke"
		// Plane rather than a missile - can be based in city or Carrier only.
		// Can be intercepted, but must die for it not to take effect.
	},
	{
	    "name": "T-34",
	    "uniqueTo": "Soviet Union",
		"replaces": "Tank",
		"unitType": "Armored",
		"movement": 6,
		"strength": 75,
		"cost": 375,
		"requiredTech": "Combined Arms",
		"requiredResource": "Oil",
		"upgradesTo": "Modern Armor",
		"promotions": ["Amphibious"],
		"uniques": ["Can move after attacking","No defensive terrain bonus", "Never appears as a Barbarian unit"],
		"attackSound": "tankshot"
	},
	{
	    "name": "I-45 Lintang",
	    "uniqueTo": "Hiland",
		"replaces": "Fighter",
		"unitType": "Fighter",
		"movement": 1,
		"strength": 45,
		"rangedStrength": 50,
		"range": 8,
		"interceptRange": 8,
		"cost": 375,
		"requiredTech": "Radar",
		"upgradesTo": "Jet Fighter",
		"requiredResource": "Oil",
		"promotions": ["Quick Study","Interception I"],
		"uniques": ["[100]% chance to intercept air attacks","[+150]% Strength <vs [Bomber] units>","[+150]% Strength <vs [Helicopter] units>"],
		"attackSound": "shot"
	},
	{
	    "name": "Bhayangkara",
	    "uniqueTo": "Majapahit2",
		"replaces": "Pikeman",
		"unitType": "Sword",
		"movement": 2,
		"strength": 16,
		"cost": 90,
		"requiredTech": "Civil Service",
		"uniques": ["[+50]% Strength <vs [Mounted] units>"],
		"upgradesTo": "Lancer",
		"obsoleteTech": "Metallurgy",
		"attackSound": "metalhit" ,
		"promotions": ["Mobility","Medic"]
	},
	{
		"name": "Sali", 
		"uniqueTo": "Strahan",
		"replaces": "Caravel",
		"unitType": "Melee Water",
		"movement": 4,
		"strength": 20,
		"cost": 100,
		"hurryCostModifier": 30,
		"requiredTech": "Astronomy",
		"upgradesTo": "Ironclad",
		"obsoleteTech": "Combustion",
		"attackSound": "cannon",
		"uniques": ["[+1] Sight", "May withdraw before melee ([80]%)","Can undertake a trade mission with City-State, giving a large sum of gold and [0] Influence"]
	},
	{
	    "name": "Tiger I",
		"uniqueTo": "Germany2",
		"replaces": "Tank",
		"unitType": "Armored",
		"movement": 6,
		"strength": 78,
		"cost": 375,
		"requiredTech": "Combined Arms",
		"requiredResource": "Oil",
		"upgradesTo": "Modern Armor",
		"uniques": ["Can move after attacking","No defensive terrain bonus","No movement cost to pillage"],
		"attackSound": "tankshot"
	},
	{
	    "name": "Wehrmacht",
	    "uniqueTo": "Germany2",
		"replaces": "Infantry",
		"unitType": "Gunpowder",
		"movement": 2,
		"strength": 75,
		"cost": 350,
		"requiredTech": "Plastics",
		"upgradesTo": "Mechanized Infantry",
		"obsoleteTech": "Mobile Tactics",
		"attackSound": "shot"
	},
	{
	    "name": "Littorio",
		"replaces": "Battleship",
		"uniqueTo": "Italy2",
		"unitType": "Ranged Water",
		"movement": 5,
		"strength": 55,
		"rangedStrength": 55,
		"range": 3,
		"cost": 415,
		"requiredResource": "Oil",
		"requiredTech": "Electronics",
		"promotions": ["Indirect Fire","Coastal Raider I","[Littorio] ability"],
		"attackSound": "shipguns"
	},
	{
	    "name": "Carabinier",
	    "uniqueTo": "Italy2",
		"replaces": "Infantry",
		"unitType": "Gunpowder",
		"movement": 2,
		"strength": 70,
		"cost": 390,
		"requiredTech": "Plastics",
		"upgradesTo": "Mechanized Infantry",
		"obsoleteTech": "Mobile Tactics",
		"attackSound": "shot",
		"promotions": ["Amphibious", "Woodsman"]
	},
	{
	    "name": "Yamato",
	    "uniqueTo": "Japan2",
		"replaces": "Battleship",
		"unitType": "Ranged Water",
		"movement": 4,
		"strength": 55,
		"rangedStrength": 55,
		"range": 3,
		"cost": 375,
		"requiredResource": "Oil",
		"requiredTech": "Electronics",
		"uniques": ["Can carry [1] [Aircraft] units","[+50]% Strength <vs cities>"],
		"promotions": ["Indirect Fire"],
		"attackSound": "shipguns"
	},
	{
		"name": "Zero",
		"unitType": "Fighter",
		"replaces": "Fighter",
		"uniqueTo": "Japan2",
		"movement": 1,
		"strength": 45,
		"rangedStrength": 45,
		"range": 8,
		"interceptRange": 8,
		"cost": 375,
		"requiredTech": "Radar",
		"upgradesTo": "Jet Fighter",
		"uniques": ["[100]% chance to intercept air attacks", "[+150]% Strength <vs [Bomber] units>", "[+150]% Strength <vs [Helicopter] units>"],
		"promotions": ["[Zero] ability"],
		"attackSound": "machinegun"
	},
	{
	    "name": "Longcannon",
	    "uniqueTo": "Thoule",
		"replaces": "Cannon",
		"unitType": "Siege",
		"movement": 2,
		"strength": 14,
		"rangedStrength": 20,
		"cost": 185,
		"requiredTech": "Chemistry",
		"upgradesTo": "Artillery",
		"obsoleteTech": "Dynamite",
		"promotions": ["Extended Range"],
		"uniques": ["[+200]% Strength <vs cities> <when attacking>","No defensive terrain bonus","Must set up to ranged attack","[-1] Sight","Never appears as a Barbarian unit"],
		"attackSound": "cannon"
	},
	{
	    "name": "Eagle Archer",
	    "uniqueTo": "Bostuosil",
		"replaces": "Composite Bowman",
		"unitType": "Archery",
		"movement": 2,
		"strength": 7,
		"rangedStrength": 11,
		"cost": 75,
		"requiredTech": "Construction",
		"obsoleteTech": "Machinery",
		"upgradesTo": "Crossbowman",
		"promotions": ["Woodsman","[Eagle Archer] ability"],
		"attackSound": "arrow"
	},
	{
	    "name": "Paper Sail Ship",
	    "uniqueTo": "Bostuosil",
		"replaces": "Trireme",
		"unitType": "Melee Water",
		"movement": 4,
		"strength": 10,
		"cost": 45,
		"requiredTech": "Sailing",
		"uniques": ["Transfer Movement to [Settler]","Transfer Movement to [Worker]"],
		"upgradesTo": "Caravel",
		"obsoleteTech": "Astronomy",
		"attackSound": "nonmetalhit"
	},
	{
	    "name": "Andeas Submarine",
	    "uniqueTo": "Escon",
		"replaces": "Submarine",
		"unitType": "Submarine",
		"movement": 5,
		"strength": 35,
		"rangedStrength": 70,
		"cost": 325,
		"requiredTech": "Refrigeration",
		"upgradesTo": "Nuclear Submarine",
		"promotions": ["Wolfpack I"],
		"uniques": ["[+75]% Strength <when attacking>", "Can only attack [Water] tiles", "Never appears as a Barbarian unit"],
		"attackSound": "torpedo"
	},
	{
	    "name": "Holy Swordsman",
	    "uniqueTo": "Zastaria",
		"replaces": "Swordsman",
		"unitType": "Sword",
		"movement": 2,
		"strength": 14,
		"cost": 75,
		"requiredTech": "Iron Working",
		"upgradesTo": "Longswordsman",
		"obsoleteTech": "Steel",
		"requiredResource": "Iron",
		"hurryCostModifier": 20,
		"attackSound": "metalhit",
		"promotions": ["[Holy Swordsman] ability"],
		"uniques": ["May enter foreign tiles without open borders"]
	},
	//Improvement
	{
		"name": "Scout",
		"unitType": "Scout",
		"upgradesTo": "Airship",
		"movement": 2,
		"strength": 5,
		"cost": 25,
		"obsoleteTech": "Scientific Theory",
		"uniques": ["May upgrade to [Archer] through ruins-like effects", "Never appears as a Barbarian unit"],
		"promotions": ["Ignore terrain cost"],
		"attackSound": "nonmetalhit"
	},
	{
		"name": "Airship",
		"unitType": "Helicopter",
		"movement": 4,
		"strength": 15,
		"cost": 250,
		"upgradesTo": "Reconnaissance Plane",
		"obsoleteTech": "Radar",
		"requiredTech": "Scientific Theory",
		"uniques": ["[+2] Sight",
			"No defensive terrain bonus", "[+1] Sight <when [Embarked]>", "Never appears as a Barbarian unit"],
		"promotions": ["Ignore terrain cost"],
		"attackSound": "shot"
	},
	{
		"name": "Reconnaissance Plane",
		"unitType": "Helicopter",
		"movement": 5,
		"strength": 25,
		"cost": 350,
		"requiredTech": "Radar",
		"uniques": ["[+3] Sight",
			"No defensive terrain bonus", "[+1] Sight <when [Embarked]>", "Never appears as a Barbarian unit"],
		"promotions": ["Ignore terrain cost"],
		"attackSound": "shot"
	},
	//Taevas Unique Units
    {
		"name": "Wizard Class D",
		"replaces": "Archer",
		"uniqueTo": "Taevas",
		"unitType": "Wizardry",
		"movement": 2,
		"strength": 5,
		"rangedStrength": 7,
		"cost": 40,
		"requiredTech": "Archery",
		"obsoleteTech": "Construction",
		"upgradesTo": "Composite Bowman",
		"attackSound": "arrow",
		"promotions": ["The Magical World"],
		"uniques": ["Will not be displayed in Civilopedia"]
	},
   {
        "name": "Wizard Class C",
        "uniqueTo": "Taevas",
		"replaces": "Composite Bowman",
		"unitType": "Wizardry",
		"movement": 2,
		"strength": 7,
		"rangedStrength": 11,
		"cost": 75,
		"requiredTech": "Construction",
		"obsoleteTech": "Machinery",
		"upgradesTo": "Crossbowman",
		"attackSound": "arrow",
		"promotions": ["The Magical World"],
		"uniques": ["Will not be displayed in Civilopedia"]
	},
	{
	    "name": "Wizard Class A",
	    "uniqueTo": "Taevas",
	    "uniques": ["Will not be displayed in Civilopedia"],
		"replaces": "Gatling Gun",
		"unitType": "Wizardry",
		"range": 1,
		"movement": 2,
		"strength": 30,
		"rangedStrength": 30,
		"cost": 225,
		"requiredTech": "Industrialization",
		"upgradesTo": "Machine Gun",
		"obsoleteTech": "Ballistics",
		"promotions": ["The Magical World"],
		"attackSound": "machinegun"
	},
	{
	    "name": "Wizard Class B",
	    "uniqueTo": "Taevas",
		"replaces": "Crossbowman",
		"unitType": "Wizardry",
		"movement": 2,
		"strength": 13,
		"rangedStrength": 18,
		"cost": 120,
		"requiredTech": "Machinery",
		"upgradesTo": "Gatling Gun",
		"promotions": ["The Magical World"],
		"uniques": ["Will not be displayed in Civilopedia"],
		"obsoleteTech": "Industrialization",
		"attackSound": "arrow"
	},
	{
	    "name": "Wizard Class S",
	    "uniqueTo": "Taevas",
	    "uniques": ["Will not be displayed in Civilopedia"],
		"replaces": "Machine Gun",
		"unitType": "Wizardry",
		"range": 1,
		"movement": 2,
		"strength": 60,
		"rangedStrength": 60,
		"cost": 350,
		"requiredTech": "Ballistics",
		"upgradesTo": "Mechanized Infantry",
		"attackSound": "machinegun",
		"promotions": ["The Magical World"],
		// Upgrades to Bazooka in BNW
	},
	{
	    "name": "Wizard Class SS",
	    "uniqueTo": "Taevas",
		"replaces": "Mechanized Infantry",
		"unitType": "Wizardry",
		"movement": 3,
		"strength": 90,
		"cost": 375,
		"requiredTech": "Mobile Tactics",
		"promotions": ["The Magical World"],
		"uniques": ["Never appears as a Barbarian unit","Will not be displayed in Civilopedia"],
		"attackSound": "tankshot"
	},
	{
	    "name": "Great Wizard",
	    "uniqueTo": "Taevas",
		"replaces": "Great General",
		"unitType": "Civilian",
		"uniques": ["Empire enters a [8]-turn Golden Age <by consuming this unit>", "[+15]% Strength bonus for [Military] units within [2] tiles","All adjacent units heal [+10] HP when healing", "[+10] HP when healing","Transfer Movement to [Military]","Can instantly construct a [Citadel] <by consuming this unit>",
			"Great Person - [War]", "Unbuildable", "Uncapturable"],
		"movement": 5
	}
]